content,source
"India News | Latest India News Headlines Today and Live Updates from India - Times of IndiaEditionININUSEnglishEnglishहिन्दीमराठीಕನ್ನಡதமிழ்বাংলাമലയാളംతెలుగుગુજરાતીSign InTOIindiaTimes EvokeOperation SindoorCancel PatriarchyMaharashtraDelhiKarnatakaTamil NaduTelanganaUttar PradeshWest BengalGujaratMadhya PradeshBiharChandigarhRajasthanArunachal PradeshAndhra PradeshAssamChhattisgarhGoaHaryanaHimachal PradeshJammu KashmirJharkhandKeralaManipurMeghalayaMizoramNagalandOdishaPunjabSikkimTripuraUttarakhandAndaman Nicobar IslandsDadra Nagar HaveliDaman DiuLakshadweepPondicherryWeb StoriesSaving Our StripesDigital ArrestNewsINDIA NEWSIndia NewsIndia / Jun 13, 2025Air India plane crash: Government says formal probe launched; forming expert panel to examine incidentNEW DELHI: Hours after the Air India plane crashed in Ahmedabad, the government has swiftly moved to initiate a formal investigation, as announced by civil aviation minister Ram Mohan Naidu. The Aircraft Accident Investigation Bureau",https://timesofindia.indiatimes.com/india
"Nicobar IslandsDadra Nagar HaveliDaman DiuLakshadweepPondicherryWeb StoriesSaving Our StripesDigital ArrestNewsINDIA NEWSIndia NewsIndia / Jun 13, 2025Air India plane crash: Government says formal probe launched; forming expert panel to examine incidentNEW DELHI: Hours after the Air India plane crashed in Ahmedabad, the government has swiftly moved to initiate a formal investigation, as announced by civil aviation minister Ram Mohan Naidu. The Aircraft Accident Investigation Bureau (AAIB) has beenIndia / Jun 12, 2025Mother from Kurukshetra village, on her way to see daughter in London, dies inAhmedabad air crashIndia / Jun 12, 2025Crypto mining busted in Fazilka, machines and computers found in specially designed sound-proof buildingIndia / Jun 12, 2025India ranked 131 of 148 nations on Global Gender Gap Index 2025India's gender parity ranking slipped to 131 out of 148 countries in the 2025 Global Gender Gap Index, despite a slight improvement in its overall score. The World Economic",https://timesofindia.indiatimes.com/india
"/ Jun 12, 2025Mother from Kurukshetra village, on her way to see daughter in London, dies inAhmedabad air crashIndia / Jun 12, 2025Crypto mining busted in Fazilka, machines and computers found in specially designed sound-proof buildingIndia / Jun 12, 2025India ranked 131 of 148 nations on Global Gender Gap Index 2025India's gender parity ranking slipped to 131 out of 148 countries in the 2025 Global Gender Gap Index, despite a slight improvement in its overall score. The World Economic Forum report highlights a decline in female political representation, particularly in Parliament and ministerial roles.India / Jun 12, 2025Ahmedabad plane crash: Amit Shah says couldn't save lives due to heat after crash; confirms one person survivedIndia / Jun 12, 2025Railway strengthens Tatkal booking with Aadhaar verification and OTP authenticationIndia / Jun 12, 2025Meghalaya honeymoon murder: Raj Kushwaha actual mastermind; aides killed as ‘favour to friend’Trending TopicsFaridabad Family",https://timesofindia.indiatimes.com/india
"Forum report highlights a decline in female political representation, particularly in Parliament and ministerial roles.India / Jun 12, 2025Ahmedabad plane crash: Amit Shah says couldn't save lives due to heat after crash; confirms one person survivedIndia / Jun 12, 2025Railway strengthens Tatkal booking with Aadhaar verification and OTP authenticationIndia / Jun 12, 2025Meghalaya honeymoon murder: Raj Kushwaha actual mastermind; aides killed as ‘favour to friend’Trending TopicsFaridabad Family SuicideMeghalaya Honeymoon MurderWTC Final Live ScoreBhopal Railway OverbridgeKarnataka SSLC 2 ResultMaharashtra FYJC General Merit ListPlane Crash in Ahmedabad NewsVijay Rupani Videos  04:37PM Modi's Big Declaration In 1st Visit To J&K After Pahalgam Attack | 'Pak Attacked Kashmiriyat'04:37PM Modi's Big Declaration In 1st Visit To J&K After Pahalgam Attack | 'Pak Attacked Kashmiriyat'04:08Sikkim: Landslide Hits Indian Army Camp After River Teesta Swells; 3 Personnel Killed, 6 Missing09:15FULL",https://timesofindia.indiatimes.com/india
"SuicideMeghalaya Honeymoon MurderWTC Final Live ScoreBhopal Railway OverbridgeKarnataka SSLC 2 ResultMaharashtra FYJC General Merit ListPlane Crash in Ahmedabad NewsVijay Rupani Videos  04:37PM Modi's Big Declaration In 1st Visit To J&K After Pahalgam Attack | 'Pak Attacked Kashmiriyat'04:37PM Modi's Big Declaration In 1st Visit To J&K After Pahalgam Attack | 'Pak Attacked Kashmiriyat'04:08Sikkim: Landslide Hits Indian Army Camp After River Teesta Swells; 3 Personnel Killed, 6 Missing09:15FULL SPEECH: Tharoor Mocks Pak's Kashmir 'Dream' In Guyana | 'They Want Something They Don't Have'06:36PM Modi's Shocking New Op Sindoor Reveal | '9 Terror Hideouts In Pak Destroyed In Just 22 Mins'03:20Indian Air Force Flaunts Rafale, BrahMos In 1st Video After Decimating Pak Airbases In Op Sindoor04:26Indian Army Shares 1st Video Of Missiles, Russian S-400 In Action During Op Sindoor Against PakPopular India StoriesAir India Gujarat plane crash: 'Why was landing gear down?' Aviation experts on what",https://timesofindia.indiatimes.com/india
"Tharoor Mocks Pak's Kashmir 'Dream' In Guyana | 'They Want Something They Don't Have'06:36PM Modi's Shocking New Op Sindoor Reveal | '9 Terror Hideouts In Pak Destroyed In Just 22 Mins'03:20Indian Air Force Flaunts Rafale, BrahMos In 1st Video After Decimating Pak Airbases In Op Sindoor04:26Indian Army Shares 1st Video Of Missiles, Russian S-400 In Action During Op Sindoor Against PakPopular India StoriesAir India Gujarat plane crash: 'Why was landing gear down?' Aviation experts on what might have caused crashAhmedabad plane crash: Passenger Vishwashkumar Ramesh makes miraculous escape; was on seat 11AAir India plane crash: CCTV footage shows AI171's fatal 30-second flight - from runway to tragedyAhmedabad man avoids Air India crash by postponing travel, says God saved him from deathAhmedabad plane crash: ‘Her phone still rings’ - Manipur family clings to hope for 20-year-old cabin crewAhmedabad plane crash: Police finds one survivor in seat 11A; 242 were onboardMeghalaya honeymoon",https://timesofindia.indiatimes.com/india
"have caused crashAhmedabad plane crash: Passenger Vishwashkumar Ramesh makes miraculous escape; was on seat 11AAir India plane crash: CCTV footage shows AI171's fatal 30-second flight - from runway to tragedyAhmedabad man avoids Air India crash by postponing travel, says God saved him from deathAhmedabad plane crash: ‘Her phone still rings’ - Manipur family clings to hope for 20-year-old cabin crewAhmedabad plane crash: Police finds one survivor in seat 11A; 242 were onboardMeghalaya honeymoon murder: Raj Kushwaha actual mastermind; aides killed as ‘favour to friend’Ahmedabad plane crash: Amit Shah says couldn't save lives due to heat after crash; confirms one person survived‘Lal Salam’ in Srinagar: CPM demands restoration of Article 370, talks with PakistanAir India plane crash: Boeing, a whistleblower, and his 'gap' warning - 'That’s not how you build aircraft'Ahmedabad air crash: Ex-Gujarat CM Vijay Rupani among victims, confirms BJP; calls his demise 'a big loss'Ahmedabad plane",https://timesofindia.indiatimes.com/india
"murder: Raj Kushwaha actual mastermind; aides killed as ‘favour to friend’Ahmedabad plane crash: Amit Shah says couldn't save lives due to heat after crash; confirms one person survived‘Lal Salam’ in Srinagar: CPM demands restoration of Article 370, talks with PakistanAir India plane crash: Boeing, a whistleblower, and his 'gap' warning - 'That’s not how you build aircraft'Ahmedabad air crash: Ex-Gujarat CM Vijay Rupani among victims, confirms BJP; calls his demise 'a big loss'Ahmedabad plane crash: Flight crashed into doctors' hostel, many feared dead; eyewitnesses say it was flying 'very low'Ahmedabad plane crash: Tata announces Rs 1 crore compensation to kin of deceased; to cover medical costs of injured and rebuild hostel hit by aircraftAhmedabad plane crash: Pilot issued Mayday call before crash; what is it, and when is it issued?'Let us also not forget ... Osama bin Laden': MEA rebuts US general's endorsement of Pakistan, cites Pahalgam attackAhmedabad plane crash: Flight was",https://timesofindia.indiatimes.com/india
"crash: Flight crashed into doctors' hostel, many feared dead; eyewitnesses say it was flying 'very low'Ahmedabad plane crash: Tata announces Rs 1 crore compensation to kin of deceased; to cover medical costs of injured and rebuild hostel hit by aircraftAhmedabad plane crash: Pilot issued Mayday call before crash; what is it, and when is it issued?'Let us also not forget ... Osama bin Laden': MEA rebuts US general's endorsement of Pakistan, cites Pahalgam attackAhmedabad plane crash: Flight was heading to London with 240 onboard - what we know so farMore India NewsMeghalaya honeymoon murder: Raj Kushwaha actual mastermind; aides killed as ‘favour to friend’'Let us also not forget ... Osama bin Laden': MEA rebuts US general's endorsement of Pakistan, cites Pahalgam attackIn a first, CA firms part of CAG teamAhmedabad plane crash: ‘Her phone still rings’ - Manipur family clings to hope for 20-year-old cabin crewAhmedabad plane crash: Passenger Vishwashkumar Ramesh makes miraculous",https://timesofindia.indiatimes.com/india
"was heading to London with 240 onboard - what we know so farMore India NewsMeghalaya honeymoon murder: Raj Kushwaha actual mastermind; aides killed as ‘favour to friend’'Let us also not forget ... Osama bin Laden': MEA rebuts US general's endorsement of Pakistan, cites Pahalgam attackIn a first, CA firms part of CAG teamAhmedabad plane crash: ‘Her phone still rings’ - Manipur family clings to hope for 20-year-old cabin crewAhmedabad plane crash: Passenger Vishwashkumar Ramesh makes miraculous escape; was on seat 11AAir India plane crash: Boeing, a whistleblower, and his 'gap' warning - 'That’s not how you build aircraft'Ahmedabad man avoids Air India crash by postponing travel, says God saved him from deathThink tank launches Trump Study Circle to help Indians understand US politicsVijay Rupani dies in Air India plane crash: From Emergency protests to Gujarat CM chair - A calm leader who rose to power04:48Air India plane crash: CCTV footage shows AI171's fatal 30-second flight - from",https://timesofindia.indiatimes.com/india
"was on seat 11AAir India plane crash: Boeing, a whistleblower, and his 'gap' warning - 'That’s not how you build aircraft'Ahmedabad man avoids Air India crash by postponing travel, says God saved him from deathThink tank launches Trump Study Circle to help Indians understand US politicsVijay Rupani dies in Air India plane crash: From Emergency protests to Gujarat CM chair - A calm leader who rose to power04:48Air India plane crash: CCTV footage shows AI171's fatal 30-second flight - from runway to tragedyTrain derailment near Delhi's Shivaji Bridge: No casualties as one coach goes off track; restoration work underway03:31Ahmedabad air crash: Ex-Gujarat CM Vijay Rupani among victims, confirms BJP; calls his demise 'a big loss'Ahmedabad plane crash: Police finds one survivor in seat 11A; 242 were onboardPM Modi meets BJP spokespersons; tells them to stay grounded, uphold party principlesAhmedabad air crash: Why accidents are common during take-offs, landings05:48Air India Gujarat plane",https://timesofindia.indiatimes.com/india
"to tragedyTrain derailment near Delhi's Shivaji Bridge: No casualties as one coach goes off track; restoration work underway03:31Ahmedabad air crash: Ex-Gujarat CM Vijay Rupani among victims, confirms BJP; calls his demise 'a big loss'Ahmedabad plane crash: Police finds one survivor in seat 11A; 242 were onboardPM Modi meets BJP spokespersons; tells them to stay grounded, uphold party principlesAhmedabad air crash: Why accidents are common during take-offs, landings05:48Air India Gujarat plane crash: 'Why was landing gear down?' Aviation experts on what might have caused crash‘Despicable act’: MEA condemns attack on Rabindranath Tagore’s ancestral home in Bangladesh, says attempt to erase symbols of toleranceEvening news wrap: Air India flight with 242 onboard crashes after takeoff; Karnataka HC grants interim bail to RCB official in Bengaluru stampede case06:47Ahmedabad plane crash: Flight crashed into doctors' hostel, many feared dead; eyewitnesses say it was flying 'very",https://timesofindia.indiatimes.com/india
"plane crash: 'Why was landing gear down?' Aviation experts on what might have caused crash‘Despicable act’: MEA condemns attack on Rabindranath Tagore’s ancestral home in Bangladesh, says attempt to erase symbols of toleranceEvening news wrap: Air India flight with 242 onboard crashes after takeoff; Karnataka HC grants interim bail to RCB official in Bengaluru stampede case06:47Ahmedabad plane crash: Flight crashed into doctors' hostel, many feared dead; eyewitnesses say it was flying 'very low'04:48Ahmedabad plane crash: Authorities issue helpline numbers; rescue operations in progressGujarat plane crash: PM Modi expresses shock; calls accident 'heartbreaking beyond words''Heart-rending disaster': President Droupadi Murmu on Ahmedabad Air India crash | Reactions03:46Ahmedabad horror: London-bound Air India plane had 53 British nationals on board; UK PM Keir Starmer calls crash ‘devastating’Happily never after: How Sonam planned and executed chilling murder plot- against her husband",https://timesofindia.indiatimes.com/india
plane crash: Authorities issue helpline numbers; rescue operations in progressGujarat plane crash: PM Modi expresses shock; calls accident 'heartbreaking beyond words''Heart-rending disaster': President Droupadi Murmu on Ahmedabad Air India crash | Reactions03:46Ahmedabad horror: London-bound Air India plane had 53 British nationals on board; UK PM Keir Starmer calls crash ‘devastating’Happily never after: How Sonam planned and executed chilling murder plot- against her husband on honeymoon12345Quick LinksMeghalaya Murder CaseRaja RaghuvanshiGold Rates TodayRahul GandhiTomorrow Bank HolidayFarooq AbdullahMallikarjun KhargePublic Holidays 2025Operation SindoorS JaishankarAhmedabad Plane CrashZeeshan AkhtarExplore Every CornerAcross The GlobeAir India Plane MishapMona GhoshPlan Crash in AhmedabadPatrick MahomesAir India Plane Crash NewsPlane Crash in Ahmedabad AirportAaron RodgerTravis KelceJihaad CampbellVijay RupaniTyrese Haliburtons GirlfriendBennedict MathurinAUS vs SA Live ScoreAir,https://timesofindia.indiatimes.com/india
LinksMeghalaya Murder CaseRaja RaghuvanshiGold Rates TodayRahul GandhiTomorrow Bank HolidayFarooq AbdullahMallikarjun KhargePublic Holidays 2025Operation SindoorS JaishankarAhmedabad Plane CrashZeeshan AkhtarExplore Every CornerAcross The GlobeAir India Plane MishapMona GhoshPlan Crash in AhmedabadPatrick MahomesAir India Plane Crash NewsPlane Crash in Ahmedabad AirportAaron RodgerTravis KelceJihaad CampbellVijay RupaniTyrese Haliburtons GirlfriendBennedict MathurinAUS vs SA Live ScoreAir India Ahmedabad Plane CrashVanessa BryantNBA Trade RumorsAntonio BrownWho is Otto KempVishwashkumar RameshDavid BeckhamSeth RollinsFull List of Passengers in Ahmedabad Flight CrashPost MaloneMeghalaya Honeymoon MurderSabeer BhatiaWayne Gretzkys DaughterShemar StewartDavid GreenwoodBank HolidaysGold Rate TodayAbout usCreate Your Own AdTerms of Use and Grievance Redressal Policy Privacy policyAdvertise with usRSSNewsletterFeedbackePaperSitemapArchivesLiving and EntertainmentCricbuzzLifestyleNewspaper,https://timesofindia.indiatimes.com/india
Ahmedabad Plane CrashVanessa BryantNBA Trade RumorsAntonio BrownWho is Otto KempVishwashkumar RameshDavid BeckhamSeth RollinsFull List of Passengers in Ahmedabad Flight CrashPost MaloneMeghalaya Honeymoon MurderSabeer BhatiaWayne Gretzkys DaughterShemar StewartDavid GreenwoodBank HolidaysGold Rate TodayAbout usCreate Your Own AdTerms of Use and Grievance Redressal Policy Privacy policyAdvertise with usRSSNewsletterFeedbackePaperSitemapArchivesLiving and EntertainmentCricbuzzLifestyleNewspaper SubscriptionFood NewsTVTimes PrimeTravel DestinationsWhats HotETimesTimes LifeTimes PetsMyLifeXPServicesCouponDuniaTechGigTimesJobsBollywood NewsTimes MobileGadgetsWork with UsColombiaHot on the WebFather's Day 2025Cancer Causing FoodsBrain ExercisesBrain Blood Clot SymptomsAhmedabad Plane CrashKajolIconic AnimalsBeautiful Colourful BirdsSnakes Attracting PlantsHigh Blood PressureBaba Vanga PredictionsBaby Boy Pet NamesFarhan AkhtarHarvard Vitamin D StudyThug Life Box Office CollectionHousefull 5,https://timesofindia.indiatimes.com/india
NewsTVTimes PrimeTravel DestinationsWhats HotETimesTimes LifeTimes PetsMyLifeXPServicesCouponDuniaTechGigTimesJobsBollywood NewsTimes MobileGadgetsWork with UsColombiaHot on the WebFather's Day 2025Cancer Causing FoodsBrain ExercisesBrain Blood Clot SymptomsAhmedabad Plane CrashKajolIconic AnimalsBeautiful Colourful BirdsSnakes Attracting PlantsHigh Blood PressureBaba Vanga PredictionsBaby Boy Pet NamesFarhan AkhtarHarvard Vitamin D StudyThug Life Box Office CollectionHousefull 5 Box Office CollectionBrain Training TipsHeart Blockage SymptomsOvarian Cancer SymptomsLiver DiseaseBaby Boy NamesHina KhanFoods For Gut HealthBride Cancel Wedding NewsLiver Disease SymptomsKashmir Vande Bharat TrainAvika GorColourful Bird Spotting PlacesRajasthan Wildlife PlacesIndia WaterfallsKing CobrasChatGpt Down1000 Burmese Pythons CapturedBaba Vanga PredictionsUbisoft Face Sexual Harassment ChargesDress To Impress CodesMillion Year Old Snake FoundApple iPhone 16Mohamed Bin Zayed Al NahyanKhaby LameBest,https://timesofindia.indiatimes.com/india
Training TipsHeart Blockage SymptomsOvarian Cancer SymptomsLiver DiseaseBaby Boy NamesHina KhanFoods For Gut HealthBride Cancel Wedding NewsLiver Disease SymptomsKashmir Vande Bharat TrainAvika GorColourful Bird Spotting PlacesRajasthan Wildlife PlacesIndia WaterfallsKing CobrasChatGpt Down1000 Burmese Pythons CapturedBaba Vanga PredictionsUbisoft Face Sexual Harassment ChargesDress To Impress CodesMillion Year Old Snake FoundApple iPhone 16Mohamed Bin Zayed Al NahyanKhaby LameBest Attitude Instagram CaptionsWorld Snake DayTrending TopicsWTC Final 2025Delhi Ghaziabad Train DerailRani HamidHarbhajan SinghAir India Gujarat Plane CrashRGPV Bhopal ResultMehidy Hasan MirazSarfaraz KhanWimbledon 2025Kenneth WalkerAngkrish RaghuvanshiAhmedabad Air CrashSBI Clerk Mains ScorecardMLC Teams Captain ListNEET UG ResultKamal Kaur DeathAir India Flight CrashNamrata Bora DeathTripura MurderMeghalaya Murder CaseSiddharthnagar MurderUjjain SummitBank HolidayPat CumminsICAI CA Classes ScheduleAhmedabad,https://timesofindia.indiatimes.com/india
CaptionsWorld Snake DayTrending TopicsWTC Final 2025Delhi Ghaziabad Train DerailRani HamidHarbhajan SinghAir India Gujarat Plane CrashRGPV Bhopal ResultMehidy Hasan MirazSarfaraz KhanWimbledon 2025Kenneth WalkerAngkrish RaghuvanshiAhmedabad Air CrashSBI Clerk Mains ScorecardMLC Teams Captain ListNEET UG ResultKamal Kaur DeathAir India Flight CrashNamrata Bora DeathTripura MurderMeghalaya Murder CaseSiddharthnagar MurderUjjain SummitBank HolidayPat CumminsICAI CA Classes ScheduleAhmedabad Plane CrashMeghalaya Honeymoon MurderVaibhav SuryavanshiUnion Bank SO Admit Card 2025AP SSC supplementary Result 2025Jensen HuangDeloitte Well Being Subsidy ProgramAir India Plane Crash Flightradar DataPlane CrashElon Musk Public ApologyNYT Connections HintsBill GatesYellowstone National ParkJeff BezosDeadliest Plane CrashesGoogle BuyoutsElon MuskPopular CategoriesHeadlinesSports NewsBusiness NewsIndia NewsWorld NewsBollywood NewsHealth+ TipsIndian TV ShowsTechnologyTravelEtimesHealth &,https://timesofindia.indiatimes.com/india
"Plane CrashMeghalaya Honeymoon MurderVaibhav SuryavanshiUnion Bank SO Admit Card 2025AP SSC supplementary Result 2025Jensen HuangDeloitte Well Being Subsidy ProgramAir India Plane Crash Flightradar DataPlane CrashElon Musk Public ApologyNYT Connections HintsBill GatesYellowstone National ParkJeff BezosDeadliest Plane CrashesGoogle BuyoutsElon MuskPopular CategoriesHeadlinesSports NewsBusiness NewsIndia NewsWorld NewsBollywood NewsHealth+ TipsIndian TV ShowsTechnologyTravelEtimesHealth & FitnessNFLMLCIndia vs EnglandAstrologyWeather TodayPlatinum Rate TodaySilver Rate TodayGold Rate TodayWTC Final 2025June Bank HolidaysPublic Holidays in JuneStock Market HolidaysNSE HolidaysBSE HolidaysTechnology NewsInternational SportsPublic HolidaysBank HolidaysLatest NewsA vibrant community for Bengaluru's 40-plusDaily Horoscope Today, June 13, 2025: Astrological Predictions for All Zodiac Signs41-year-old doctor reverses his biological age to 24: The 3 supplements that worked for himDigital",https://timesofindia.indiatimes.com/india
"vs EnglandAstrologyWeather TodayPlatinum Rate TodaySilver Rate TodayGold Rate TodayWTC Final 2025June Bank HolidaysPublic Holidays in JuneStock Market HolidaysNSE HolidaysBSE HolidaysTechnology NewsInternational SportsPublic HolidaysBank HolidaysLatest NewsA vibrant community for Bengaluru's 40-plusDaily Horoscope Today, June 13, 2025: Astrological Predictions for All Zodiac Signs41-year-old doctor reverses his biological age to 24: The 3 supplements that worked for himDigital slip-ups: Is it the algorithm or is it just you?Cyient Semiconductors joins hands with MIPS to develop custom RISC-V based solutionsOfficials allay displacement fears of Kumarambheem forest dwellersWhy a white swan named ‘Joy’ is flying to space with Shubhanshu Shukla in the Axiom-4 missionMitsubishi is recalling nearly 2 lakh SUVs in US over software issuesNo end in sight for Indian football in a free fallDate for Grammy Awards show 2026 announced, new categories unveiledJason Isaacs and Celia Imrie to receive",https://timesofindia.indiatimes.com/india
"algorithm or is it just you?Cyient Semiconductors joins hands with MIPS to develop custom RISC-V based solutionsOfficials allay displacement fears of Kumarambheem forest dwellersWhy a white swan named ‘Joy’ is flying to space with Shubhanshu Shukla in the Axiom-4 missionMitsubishi is recalling nearly 2 lakh SUVs in US over software issuesNo end in sight for Indian football in a free fallDate for Grammy Awards show 2026 announced, new categories unveiledJason Isaacs and Celia Imrie to receive Raindance Film Festival Icon AwardViral beaches of India: Top 5 coastal destinations to visit in 2025It's official! Dua Lipa confirms engagement to Callum Turner'My Next Guest Needs No Introduction With David Letterman' renewed for seasons 6, 7""I love the Austrian Alps"": Nicole Kidman shares her shooting experience for 'Nine Perfect Strangers' season 2""This tragedy cannot be forgotten"": Ashoke Pandit extends condolences over Ahmedabad plane crashDiljit Dosanjh teases Indian version of Shakira’s",https://timesofindia.indiatimes.com/india
"Raindance Film Festival Icon AwardViral beaches of India: Top 5 coastal destinations to visit in 2025It's official! Dua Lipa confirms engagement to Callum Turner'My Next Guest Needs No Introduction With David Letterman' renewed for seasons 6, 7""I love the Austrian Alps"": Nicole Kidman shares her shooting experience for 'Nine Perfect Strangers' season 2""This tragedy cannot be forgotten"": Ashoke Pandit extends condolences over Ahmedabad plane crashDiljit Dosanjh teases Indian version of Shakira’s ‘Hips Don’t Lie’: 'It's going to be tricky'Why Hong Kong police doesn’t want residents to download this mobile gameCopyright © 2025 Bennett, Coleman & Co. Ltd. All rights reserved. For reprint rights: Times Syndication ServiceFollow Us On",https://timesofindia.indiatimes.com/india
